{
  "elymia": [
    [
      37.7177,
      12.889989
    ],
    [
      37.699401,
      12.929012
    ],
    [
      37.683173,
      12.990632
    ],
    [
      37.657796,
      13.086962
    ],
    [
      37.614869,
      13.028866
    ],
    [
      37.56233,
      12.98481
    ],
    [
      37.523299,
      12.979671
    ],
    [
      37.585554,
      12.830215
    ],
    [
      37.56347,
      12.647827
    ],
    [
      37.633113,
      12.584798
    ],
    [
      37.654109,
      12.565784
    ],
    [
      37.654867,
      12.521114
    ],
    [
      37.700096,
      12.467549
    ],
    [
      37.727942,
      12.457839
    ],
    [
      37.822049,
      12.412242
    ],
    [
      37.973968,
      12.49837
    ],
    [
      38.023317,
      12.527177
    ],
    [
      38.023314,
      12.527185
    ],
    [
      38.073744,
      12.556633
    ],
    [
      38.09767,
      12.716222
    ],
    [
      38.181349,
      12.744087
    ],
    [
      38.09767,
      12.840347
    ],
    [
      38.04582,
      12.918875
    ],
    [
      37.985912,
      12.899738
    ],
    [
      37.992246,
      12.939282
    ],
    [
      37.99541,
      12.992975
    ],
    [
      37.998179,
      13.083298
    ],
    [
      37.981961,
      13.113406
    ],
    [
      37.948724,
      13.133478
    ],
    [
      37.92814,
      13.126955
    ],
    [
      37.921014,
      13.063728
    ],
    [
      37.917055,
      12.981433
    ],
    [
      37.905967,
      12.915697
    ],
    [
      37.897651,
      12.872041
    ],
    [
      37.853676,
      12.847453
    ],
    [
      37.800554,
      12.868027
    ],
    [
      37.776359,
      12.846449
    ],
    [
      37.746328,
      12.820613
    ]
  ],
  "panormus": [
    [
      38.186338,
      13.358862
    ],
    [
      38.125573,
      13.433108
    ],
    [
      38.099663,
      13.542034
    ],
    [
      38.01589,
      13.605363
    ],
    [
      37.867732,
      13.745024
    ],
    [
      37.881482,
      13.575028
    ],
    [
      37.8633,
      13.494428
    ],
    [
      37.843015,
      13.396999
    ],
    [
      37.870993,
      13.288056
    ],
    [
      37.92814,
      13.126955
    ],
    [
      37.948724,
      13.133478
    ],
    [
      37.981961,
      13.113406
    ],
    [
      37.998179,
      13.083298
    ],
    [
      37.99541,
      12.992975
    ],
    [
      37.992246,
      12.939282
    ],
    [
      37.985912,
      12.899738
    ],
    [
      38.04582,
      12.918875
    ],
    [
      38.083714,
      13.075932
    ],
    [
      38.099482,
      13.062971
    ],
    [
      38.140753,
      13.049168
    ],
    [
      38.189053,
      13.071942
    ],
    [
      38.197733,
      13.148545
    ],
    [
      38.177659,
      13.200994
    ],
    [
      38.198276,
      13.232049
    ],
    [
      38.202193,
      13.2843
    ],
    [
      38.227132,
      13.308983
    ],
    [
      38.186331,
      13.35885
    ]
  ],
  "selinous": [
    [
      37.683173,
      12.990632
    ],
    [
      37.699401,
      12.929012
    ],
    [
      37.7177,
      12.889989
    ],
    [
      37.746328,
      12.820613
    ],
    [
      37.776359,
      12.846449
    ],
    [
      37.800554,
      12.868027
    ],
    [
      37.853676,
      12.847453
    ],
    [
      37.897651,
      12.872041
    ],
    [
      37.905967,
      12.915697
    ],
    [
      37.917055,
      12.981433
    ],
    [
      37.921014,
      13.063728
    ],
    [
      37.92814,
      13.126955
    ],
    [
      37.886368,
      13.128809
    ],
    [
      37.844485,
      13.151186
    ],
    [
      37.821571,
      13.190138
    ],
    [
      37.759339,
      13.206714
    ],
    [
      37.690495,
      13.187652
    ],
    [
      37.657796,
      13.086962
    ]
  ],
  "sicani": [
    [
      37.672332,
      13.934949
    ],
    [
      37.621525,
      13.949011
    ],
    [
      37.519565,
      13.965975
    ],
    [
      37.511269,
      13.926237
    ],
    [
      37.50795,
      13.812252
    ],
    [
      37.482225,
      13.755782
    ],
    [
      37.489694,
      13.673169
    ],
    [
      37.535326,
      13.485982
    ],
    [
      37.517583,
      13.430808
    ],
    [
      37.604544,
      13.215308
    ],
    [
      37.643968,
      13.172526
    ],
    [
      37.657796,
      13.086962
    ],
    [
      37.690495,
      13.187652
    ],
    [
      37.759339,
      13.206714
    ],
    [
      37.821571,
      13.190138
    ],
    [
      37.844485,
      13.151186
    ],
    [
      37.886368,
      13.128809
    ],
    [
      37.92814,
      13.126955
    ],
    [
      37.870993,
      13.288056
    ],
    [
      37.843015,
      13.396999
    ],
    [
      37.8633,
      13.494428
    ],
    [
      37.881482,
      13.575028
    ],
    [
      37.867732,
      13.745024
    ],
    [
      38.01589,
      13.605363
    ],
    [
      37.976012,
      13.783835
    ],
    [
      38.027533,
      13.953965
    ],
    [
      38.046737,
      14.019469
    ],
    [
      38.032775,
      14.055656
    ],
    [
      38.025793,
      14.114
    ],
    [
      38.033938,
      14.162743
    ],
    [
      38.008807,
      14.290233
    ],
    [
      38.008806,
      14.290233
    ],
    [
      37.973342,
      14.30194
    ],
    [
      37.825354,
      14.280168
    ],
    [
      37.796759,
      14.245458
    ],
    [
      37.787419,
      14.167912
    ],
    [
      37.793256,
      14.09923
    ],
    [
      37.785668,
      14.026854
    ],
    [
      37.75724,
      13.939564
    ]
  ],
  "calactea": [
    [
      37.75724,
      13.939564
    ],
    [
      37.785668,
      14.026854
    ],
    [
      37.793256,
      14.09923
    ],
    [
      37.787419,
      14.167912
    ],
    [
      37.796759,
      14.245458
    ],
    [
      37.781289,
      14.248959
    ],
    [
      37.758009,
      14.283198
    ],
    [
      37.732013,
      14.357152
    ],
    [
      37.633906,
      14.355782
    ],
    [
      37.567705,
      14.366054
    ],
    [
      37.534824,
      14.391629
    ],
    [
      37.502861,
      14.289943
    ],
    [
      37.449582,
      14.247416
    ],
    [
      37.411999,
      14.175761
    ],
    [
      37.457321,
      14.077869
    ],
    [
      37.491354,
      14.030811
    ],
    [
      37.519565,
      13.965975
    ],
    [
      37.621525,
      13.949011
    ],
    [
      37.672332,
      13.934949
    ]
  ],
  "tyndaris": [
    [
      38.025246,
      15.045836
    ],
    [
      37.905409,
      15.074889
    ],
    [
      37.900117,
      15.17099
    ],
    [
      37.93186,
      15.262622
    ],
    [
      37.907653,
      15.354552
    ],
    [
      38.067484,
      15.492517
    ],
    [
      38.071104,
      15.494197
    ],
    [
      38.216214,
      15.561516
    ],
    [
      38.294476,
      15.561516
    ],
    [
      38.29247,
      15.433741
    ],
    [
      38.230267,
      15.2523
    ],
    [
      38.143897,
      15.193524
    ],
    [
      38.119775,
      15.086193
    ]
  ],